ID,Nombre,Suscriptores,Provincia,Ciudad,Medio,Categoría,Estado,Fecha actualización,Notas
UCJIHNzhqQdw0WifcOwojz9Q,Canal 7 San Justo SF,6.990,Buenos Aires,San Justo,Digital,Actualidad,Revisado,2025-08-06,Re transmisión 
UCx7nK6N8gQXhSLQGWHmKO_A,NGFEDERAL EN VIVO,6.870,Buenos Aires,San Nicolás,Digital,Economía,Revisado,2025-08-06,Re transmision 
UCbD-LqQOyhyiPralPey8tqw,CEMENTO Radio streamig,1.290,Buenos Aires,Villa Ballester,Digital,Música,Revisado,2025-08-02,Estudio Radio digital
UCPQBDQdCydiprsTjxiJ57gQ,HUGO VICICONTE PESCA,161.000,Buenos Aires,Mar del Plata,Nativo YouTube,Deportes,Revisado,2025-09-08,Pesca con mosca
UCakYe1P-halMxM747KHAhZA,Muy Independiente,123.000,Buenos Aires,Avellaneda,Nativo YouTube,Deportes,Revisado,2025-07-04,Estudio y Lunes a viernes de 14 a 16 hs.
UCEw3F2kW0Iz97boK4LvcXaA,PelaVisión,75.300,Buenos Aires,Coronel Suarez,Nativo YouTube,Charlas/Podcast,Revisado,2025-07-04,Programacion de lunes a viernes 3hrs
UCSNFK2KFtpHRO9DslWCquzg,Canal 8 Stream ,65.000,Buenos Aires,Mar del Plata,Nativo YouTube,Actualidad,Revisado,2025-08-11,Programacion y estudio
UCtj5VnZYVjiBAbKbvhayDLw,De la Cuna al Infierno,39.500,Buenos Aires,,Nativo YouTube,Deportes,Revisado,2025-07-04,Una vez por semana
UCOIFJjKf-z-ltB0VeY9Fnnw,Pastor Omar Olier,27.200,Buenos Aires,Mar del Plata,Nativo YouTube,Religión,Revisado,2025-08-05,Transmision de charlas
UCoFWjmGI2F8VLVO2xKNbHcw,Esperanza Racinguista,26.200,Buenos Aires,Avellaneda,Nativo YouTube,Deportes,Revisado,2025-08-12,"Programacion  diaria, via zoom"
UCOCCqq7PwUZRrcNc7VIf3tA,Rojos De Pasion,22.700,Buenos Aires,Avellaneda,Nativo YouTube,Deportes,Revisado,2025-07-14,Transmision de partidos y programas semanales
UCxwAf-R1kNdzuepWtx3u1_A,Racing Online,19.400,Buenos Aires,Avellaneda,Nativo YouTube,Deportes,Revisado,2025-08-21,Comentan y transmiten deportes
UCgdzw0B0pBaTwCBOuJJD-HQ,Santuario Ma. del Rosario de San Nicolás,16.700,Buenos Aires,San Nicolás,Nativo YouTube,Religión,Revisado,2025-07-14,Transmision de misas
UCoZ2DrYeozAjmMLfJcfO5RA,myr tarot,12.500,Buenos Aires,San Nicolás,Nativo YouTube,Charlas/Podcast,Revisado,2025-09-14,
UC3t2rnJOpedx7ek0H6LmR3g,Reino de Ángeles - Mariel Romero,12.500,Buenos Aires,Tandíl,Nativo YouTube,Charlas/Podcast,Revisado,2025-09-03,
UCSYJAcn_jtt0B5-CKFcHNiQ,CFCArgentina TV,8.960,Buenos Aires,La Matanza,Nativo YouTube,Religión,Revisado,2025-07-07,Transmisión de misa
UCHtInVgUKXzjlShuh4kIBjw,Vive,6.620,Buenos Aires,La Plata,Nativo YouTube,Actualidad,Revisado,2025-07-23,Estudio programacion semanal 
UCwYIspzhyEff1U3OxZcvb8w,Kamikaze Stream,6.340,Buenos Aires, Ituzaingó,Nativo YouTube,Entretenimiento,Revisado,2025-07-31,Estudio y programacion semanal
UCWFylKzypM2c1aRt5SImiuQ,0221,6.150,Buenos Aires,La Plata,Nativo YouTube,Actualidad,Revisado,2025-08-05,Programacion diaria
UCMcxDhLjDGBvZt5KPIUiuPQ,ICBethel Marcelo Fernandez,6.100,Buenos Aires,Tigre,Nativo YouTube,Religión,Revisado,2025-08-06,Transmision de reuniones 
UCQFO4Dr6-jiCkXv_jyZNGhQ,Eclesia,6.050,Buenos Aires,Lomas de Zamora,Nativo YouTube,Política,Revisado,2025-06-18,Misas y charlas
UC9UpeHkknAswiUlEwIf60nQ,Campo Stream,5.940,Buenos Aires,,Nativo YouTube,Actualidad,Revisado,2025-06-29,Programacion semanal con estudio
UC12-uYZB20chEXq7VGFlsGA,Ecos Del Rojo,5.870,Buenos Aires,,Nativo YouTube,Deportes,Revisado,2025-07-04,"Partidos de Independiente , estudio propio"
UCj3t0nMWRGcbbzOngSMb-8Q,PRESENCIA QUILMES ,5.690,Buenos Aires,Quilmes,Nativo YouTube,Religión,Revisado,2025-08-06,Desde la casa
UCsVoUwxUQs4T2Rs1hJAKxug,De Local Streaming,5.140,Buenos Aires,Mar del Plata,Nativo YouTube,Deportes,Revisado,2025-07-04,Transmision de los partidos de la Liga local
UCz_VOjwNig-4ekgLLfU7kMA,BRUJULA STREAM,4.700,Buenos Aires,,Nativo YouTube,Entretenimiento,Revisado,2025-08-04,Programacion y estudio
UC7O-GHQOzDxc3DbzVGT4hOA,SENTIMIENTO NARANJA ,4.050,Buenos Aires,Berazategui,Nativo YouTube,Deportes,Revisado,2025-08-20,Transmision de partidos del club de futbol
UCnpQxnSqa45zQntBdEvhHrw,AsAmBal,3.980,Buenos Aires,,Nativo YouTube,Deportes,Revisado,2025-09-18,Transmision de partidos de handball
UCWA4L9EcHzARusb3oK7MIhA,canal i - Florida,3.540,Buenos Aires,Vicente Lopez,Nativo YouTube,Religión,Revisado,2025-07-04,Transmision religiosa
UClibYDrjj1rQ-PPNjqm1TVw,BUNKER STREAM,3.430,Buenos Aires,Viedma,Nativo YouTube,Charlas/Podcast,Revisado,2025-09-16,Programacion y estudio
UCkcIs6IcBw75U2L5DOYGOZg,lagimeyeltaino,3.030,Buenos Aires,,Nativo YouTube,Música,Revisado,2025-09-01,Semanal y con pequeño estudio
UCc9Bs-j0L5zIBTlGc__4l6g,FEMEBA Oficial,2.850,Buenos Aires,,Nativo YouTube,Charlas/Podcast,Revisado,2025-06-18,Charlas por zoom
UCV_lV9IyBIL0zwbyFMrvleQ,viBra,2.810,Buenos Aires,,Nativo YouTube,Entretenimiento,Revisado,2025-06-18,Estuidio y programación diaria
UCrUObrkQceJ9doqBZekDPTw,Pelota CAP TV OFICIAL,2.530,Buenos Aires,,Nativo YouTube,Deportes,Revisado,2025-07-04,Transmision de pelota
UCokOCUkSeN-vUcXCdcgRkKg,Diario EL NORTE,2.440,Buenos Aires,Zona norte ,Nativo YouTube,Entretenimiento,Revisado,2025-08-23,Programación diaria y estudios
UCy4YVs9hg-fZ0kViMkrOLJg,Apepe Bahia,2.420,Buenos Aires,Bahia Blanca,Nativo YouTube,Entretenimiento,Revisado,2025-09-08,Programación diaria y estudios
UCtCy7PYD33HMn7p9a9_IDYw,MAS POSITIVO HD,2.400,Buenos Aires,Pinamar,Nativo YouTube,Entretenimiento,Revisado,2025-08-30,Programacion semanal y estudio
UCNpbzF6aGNJQvywzro7LP7A,Conurbania ,2.220,Buenos Aires,Banfield,Nativo YouTube,Charlas/Podcast,Revisado,2025-08-22,"Radio digital y Stream, estudio y programación diaria"
UCqCLJ6QBl6X9kQyRtEk-NCg,Iglesia Maranatha Argentina,2.170,Buenos Aires,Avellaneda,Nativo YouTube,Religión,Revisado,2025-07-04,Transmisión de reuniones
UC8U-dF9XOQ96R8bOrm7nDaw,RADIO STREAM Deportes,1.860,Buenos Aires,Punta Alta,Nativo YouTube,Deportes,Revisado,2025-06-18,Transmision deporte local
UCEY6CPkHdTiWYkh2QymbcJQ,La 22 Media,1.560,Buenos Aires,Navarro,Nativo YouTube,Charlas/Podcast,Revisado,2025-06-18,Estudio y programacion  semanal
UCGv-fFXH2pETbGVIZC5KKQg,Radio Ceteme,1.550,Buenos Aires,Por determinar,Nativo YouTube,Política,Revisado,2025-08-11,"Estudio, programacion 3 veces por semana"
UC3HeAKLbdfIXDWOhM_Ty9gQ,Leandro Toti,1.300,Buenos Aires,Adrogué,Nativo YouTube,Actualidad,Revisado,2025-06-18,estudio y programación semanal
UCFf3idGYj67Au20T37ZBBGg,JUANA Teatro Restobar,1.210,Buenos Aires,Ituzaingó,Nativo YouTube,Entretenimiento,Revisado,2025-08-06,Programación semanal desde el Bar
UC66UhVrAM4JhLx7Rt0oPHVw,Welcome TV,1.180,Buenos Aires,Lomas de Zamora,Nativo YouTube,Entretenimiento,Revisado,2025-09-18,estudio y programación
UC5wXzmxFZSP_YxMXdqSTxaw,Full medios ,1.010,Buenos Aires,Zárate,Nativo YouTube,Entretenimiento,Revisado,2025-06-18,estudio y programación
UCR47xm2nQhR6dF4jAyXgagA,El Tornado Stream,777,Buenos Aires,Los Polvorines,Nativo YouTube,Entretenimiento,Revisado,2025-08-22,Stream de un Boliche
UCsQIymWYI9OFS3OrZStQd5g,GRID TV,738,Buenos Aires,,Nativo YouTube,Charlas/Podcast,Revisado,2025-06-18,Dos chicas hablan desde su casa
UC3C8KxQQ5NP_cRltqZJyOEA,Puesto 14 streaming,700,Buenos Aires,Pergamino,Nativo YouTube,Entretenimiento,Revisado,2025-09-24,Estudio y programación
UCB00_TIMJISwWPgt6MSunGQ,Tribuno Streaming,675,Buenos Aires,Dolores,Nativo YouTube,Entretenimiento,Revisado,2025-08-22,Precario estudio
UCjokR7Wwp6Yuw_MTNwNY7HQ,OVEJA NEGRA,635,Buenos Aires,Mercedes,Nativo YouTube,Charlas/Podcast,Revisado,2025-08-24,Estudio programación
UCjUhYDFKiaM10rdBik1ZXBA,Fiebre de Fútbol,573,Buenos Aires,San Antonio de Padua,Nativo YouTube,Deportes,Revisado,2025-08-10,"Relatos futbol, gracioso no se escucha"
UCP4LBGsiHEumu4mQ3lNFnQA,Mar del Plata 924 Streaming,501,Buenos Aires,Mar del Plata,Nativo YouTube,Charlas/Podcast,Revisado,2025-08-05,
UCkCi8KCoX-srMC0xF-zLU3A,Punta Alta Visión,4.050,Buenos Aires,Punta Alta,Radio,Actualidad,Revisado,2025-09-07,Transmision de noticias y actualidad
UCB6qVCMizW5JRuW8nkmVEkg,Simphony 913,3.620,Buenos Aires,Vicente Lopez,Radio,Actualidad,Revisado,2025-08-05,Re trasnmisión  de agunos programas
UCxnpeqUNiRFhyNDYiCjQZ_w,La Brújula 24 Radio,3.220,Buenos Aires,Bahia Blanca,Radio,Actualidad,Revisado,2025-08-08,
UCnpypNQhebDf0nUx-kP2cXg,URBAN985,3.080,Buenos Aires,Pehuajó,Radio,Entretenimiento,Revisado,2025-06-18,Re transmision de programas
UCmA8VpESS43iV7ffXroxlbQ,MMX,1.420,Buenos Aires,Mar del Plata,Radio,Actualidad,Revisado,2025-07-16,Re transmision de un programa de radio
UCKA3OZPt8akLwe3vRteD1XQ,AM 1600 ARMONIA,846,Buenos Aires,Caseros,Radio,Noticias,Revisado,2025-09-06,Tranmsmiten desde la radio una parte
UCVcv5g4bMSldUXzpWoQfS_g,PAREStv - El Canal de Luján,19.200,Buenos Aires,Luján,TV,Actualidad,Revisado,2025-08-16,Re transmiten parte de programación y contenido Stream
UCrrkTIvz0SQZatixubCQ6AQ,Canal 10 de Junin - Junin Tv SA,6.290,Buenos Aires,Junin,TV,Noticias,Revisado,2025-06-18,Transmiten solo las noticias
UCjMGMWnToRcQRqmyVB4R2xQ,CLARÍN,1.310.000,CABA,,Diario,Noticias,Revisado,2025-07-03,
UCvsU0EGXN7Su7MfNqcTGNHg,Infobae,1.540.000,CABA,,Digital,Noticias,Revisado,2025-07-04,
UC9vs8KujZ2kJ2hbg01fNRVw,Filo News,1.530.000,CABA,,Digital,Noticias,Revisado,2025-07-04,
UCl6L85YuyK4rVn5NI--dHUw,Perfil,320.000,CABA,,Digital,,Revisado,2025-07-04,
UCgn6r0aGRBnEQm02tE_jzbw,Futurock FM,288.000,CABA,,Digital,Actualidad,Revisado,2025-07-04,Programación
UCqxBNDHmEZgqU1B61oc-QhQ,DGO Stream,282.000,CABA,,Digital,Entretenimiento,Revisado,2025-09-23,Programacion para stream
UCtTm1j1DhHIZr1_3zAlJHeA,Revuelto ,14.500,CABA,,Digital,Música,Revisado,2025-06-18,programación semanal y estudio 
UCQx_6Rpz9LWXYCbhkzcbobQ,Señal UNTREF,3.460,CABA,,Digital,Entretenimiento,Revisado,2025-08-10,Transmision diaria con estudio
UCTHaNTsP7hsVgBxARZTuajw,LUZU TV,2.260.000,CABA,,Nativo YouTube,Entretenimiento,Revisado,2025-07-04,Programación
UCf7cmc_Xxke9eIg76b6qdSg,Danann,2.210.000,CABA,,Nativo YouTube,Política,Revisado,2025-07-04,
UC-VduMOLt-ZLIISyE0_Xx8A,Dtoke Free,1.880.000,CABA,,Nativo YouTube,Charlas/Podcast,Revisado,2025-07-04,
UC7mJ2EDXFomeDIRFu5FtEbA,OLGA,1.700.000,CABA,,Nativo YouTube,Entretenimiento,Revisado,2025-07-04,Programación
UCg6kTB4vw1XYFBR4TtHaBuQ,Un Poco De Ruido,1.610.000,CABA,,Nativo YouTube,Música,Revisado,2025-07-04,Programación
UC_49ElhhVd1BO7MsdBPm77Q,BREAK POINT,1.390.000,CABA,,Nativo YouTube,,Revisado,2025-07-04,
UCb8W2JPNwMtV4xA0LFb3LUw,Cocineros Argentinos,1.370.000,CABA,,Nativo YouTube,Cocina,Revisado,2025-09-16,
UCvCTWHCbBC0b9UIeLeNs8ug,Vorterix,823.000,CABA,,Nativo YouTube,Entretenimiento,Revisado,2025-07-04,Programación
UC0sLSGnT5u_yChwKjBSJ8jw,Fran Fijap,708.000,CABA,,Nativo YouTube,Política,Revisado,2025-07-04,
UC5wAqJ9NF0fpGH9dVf3h6HA,El Destape,670.000,CABA,,Nativo YouTube,Noticias,Revisado,2025-07-04,Programación
UC-40U87JsevMIMn7PMw4jPw,Neura Media,641.000,CABA,,Nativo YouTube,Actualidad,Revisado,2025-07-04,Programación
UCgLBmUFPO8JtZ1nPIBQGMlQ,AZZ,586.000,CABA,,Nativo YouTube,Actualidad,Revisado,2025-07-04,Programación
UCWSfXECGo1qK_H7SXRaUSMg,GELATINA,539.000,CABA,,Nativo YouTube,Actualidad,Revisado,2025-07-04,Programación
UCHDwIzNtE5vPScYLLXutkHA,El Presto,503.000,CABA,,Nativo YouTube,Política,Revisado,2025-07-04,
UCjEepVESC0z984zX0a6d-pA,QNTLC,497.000,CABA,,Nativo YouTube,Religión,Revisado,2025-09-03,
UC6pJGaMdx5Ter_8zYbLoRgA,BLENDER,473.000,CABA,,Nativo YouTube,Entretenimiento,Revisado,2025-07-04,Programación
UCEmEP2l0A6XLCGYGiToCKaQ,Liberman Martin,472.000,CABA,,Nativo YouTube,Deportes,Revisado,2025-07-04,
UCnZidingmuqNkaT9Wm64Xxg,Bondi Live,318.000,CABA,,Nativo YouTube,Actualidad,Revisado,2025-07-29,Programación
UC9ghrLcpy0FxDFssie-siwQ,Picado TV,305.000,CABA,,Nativo YouTube,Deportes,Revisado,2025-07-04,Programación
UC4u0BhsSi33PS20_1JHiC5A,LA CASA STREAMING,275.000,CABA,,Nativo YouTube,Entretenimiento,Revisado,2025-07-04,Programación
UC_-fqnv3Rp8k9VJ06_aDIHg,Quiero Música TV,274.000,CABA,,Nativo YouTube,Entretenimiento,Revisado,2025-07-04,
UCgDAnKZngqzL2sJHTI7eUuA,Telemetrico F1 Adrian Puente #TelemetricoF1,273.000,CABA,,Nativo YouTube,Deportes,Revisado,2025-06-28,Adrián Puente
UC4mdhKZXjrKoq5aVG6juHEg,Carajo,256.000,CABA,,Nativo YouTube,Entretenimiento,Revisado,2025-07-04,Programación
UCV7c9y3uWckx0kyXSHhKJXw,RESUMIDO,241.000,CABA,,Nativo YouTube,Actualidad,Revisado,2025-09-16,
UCpvYnSZNyBxF2MSWvju06jg,Nico Guthmann,203.000,CABA,,Nativo YouTube,Noticias,Revisado,2025-07-04,Un programa Tugo
UCvU6KRqoM0_6gP0RowLEbJw,MundoDinero,191.000,CABA,,Nativo YouTube,Economía,Revisado,2025-07-04,Programación
UCXjNLHGKB83V7FxRvEeWJ5A,Aislados El Podcast,180.000,CABA,,Nativo YouTube,Charlas/Podcast,Revisado,2025-08-13,Una vez por semana
UCxHSIJgKZ8xVXwLGaGZEmKg,Cenital,160.000,CABA,,Nativo YouTube,Actualidad,Revisado,2025-07-04,
UCmk9kjghfkM3k8I6jioDr3g,RepúblicaZ,159.000,CABA,,Nativo YouTube,Entretenimiento,Revisado,2025-07-04,Programación
UCnkAzcpDF-yd5ndPEaBMzDA,Plan M - Maxi Montenegro,137.000,CABA,,Nativo YouTube,Economía,Revisado,2025-07-04,Entrevistas 
UCAlQ5f7mhnkfM6jjXeJDw7g,Rock And Pop,136.000,CABA,,Nativo YouTube,Entretenimiento,Revisado,2025-06-18,Re transmiten
UC6jdwoh0bP0CNVjpzU7tRpA,Gary Delphin,130.000,CABA,,Nativo YouTube,Deportes,Revisado,2025-07-04,
UCz0rrWiG04BiDlypa6Smnww,Agustín Muzzu,117.000,CABA,,Nativo YouTube,Deportes,Revisado,2025-07-04,una o dos veces por semana
UCRyGJcJYqqiCByEaUhDLMsw,AHORA PLAY,102.000,CABA,,Nativo YouTube,Economía,Revisado,2025-07-04,Estudio y programación
UCIlhgwnIjK_l2w_MMYy18tw,Pablo Borda,95.000,CABA,,Nativo YouTube,Cultura,Revisado,2025-07-04,Una vez por semana
UCffR4X59wDMLhgXE8vwvSuQ,Alejandro Pueblas,89.100,CABA,,Nativo YouTube,Actualidad,Revisado,2025-08-25,Transmite 2 o 3 veces por semana
UC3aEpwCbF83KYG5dzHJOeew,AFA Estudio,85.500,CABA,,Nativo YouTube,Deportes,Revisado,2025-09-10,Estudio y programación
UCG1VdkVOgwoJzPBWn7QomCw,Pablo Soraire FILMS,84.400,CABA,,Nativo YouTube,Religión,Revisado,2025-09-14,Transmiten misa. Evangelicos.
UCF_wmEJdoePqmjQp2hj4D4w,A TODO BOCA,80.200,CABA,,Nativo YouTube,Deportes,Revisado,2025-08-11,Trasnmiten previas y partidos. Con estudio propio
UCIKQiXrY6WaY7C1UCo8FzOQ,Tano Santarsiero,77.100,CABA,,Nativo YouTube,Deportes,Revisado,2025-07-04,Comenta noticias de River
UCTlUJTm5qFRLylSJ_8KS34A,MATE,73.600,CABA,,Nativo YouTube,Noticias,Revisado,2025-07-04,Estudio y programacion
UCV6PHNIDL4VWtyAmO788tvA,PRESENCIA MUNDIAL ONLINE - Canal Oficial,71.600,CABA,,Nativo YouTube,Religión,Revisado,2025-06-28,Transmiten misas
UCpKYUg2Adl9peryUl37l_ew,Jero Torresantoro,69.800,CABA,,Nativo YouTube,Deportes,Revisado,2025-07-04,"Un programa semanal, estudio en casa."
UCpSZaeED5OS9fDCsMWVHbxA,Relatores,67.900,CABA,Por determinar,Nativo YouTube,Deportes,Revisado,2025-07-06,Relatores es una cooperativa de trabajo
UCxH0xKKAiiRBju9itDt47yg,Pablo Lafourcade,66.700,CABA,,Nativo YouTube,Deportes,Revisado,2025-07-04,Desde casa una vez por semana
UCRtgbxUH456ox51IswIQgZQ,Carnaval Stream,62.600,CABA,,Nativo YouTube,Entretenimiento,Revisado,2025-08-08,Programacion y estudio
UCoiHxgRbGS8vyP1nFcMj3Mw,Erick Kammerath,62.000,CABA,,Nativo YouTube,Política,Revisado,2025-07-04,programacion una o dos vececes por semana
UCAHLm8ZEbuFeVsHSrjMn5Dg,Salvador Di Stefano,61.800,CABA,,Nativo YouTube,Economía,Revisado,2025-07-04,programacion semanal
UCV1WCVexFXNTq_t5Z4xgGNw,LHDA PODCAST,61.000,CABA,,Nativo YouTube,Política,Revisado,2025-07-04,"1 o 2 veces por semana, con pequelo estudio. "
UC69RKrQh0aPguy_fOfQHZxg,Hugo Balassone,51.900,CABA,,Nativo YouTube,Deportes,Revisado,2025-07-04,"2 veces por semana, via meet"
UCL3W-Z5sp2nOVAB2uANeUlQ,Cadena Xeneize,50.100,CABA,,Nativo YouTube,Deportes,Revisado,2025-08-12,Relatan y comentan partidos
UCigMtQPA1eB3pAa1ri78syg,MISTICA,49.900,CABA,,Nativo YouTube,Deportes,Revisado,2025-06-29,Relatan y comentan partidos
UC7LpROZ_MMVqAQoxorrkbVQ,Más Fúlbo,49.500,CABA,,Nativo YouTube,,Revisado,2025-07-04,Transmiten y comentan
UCzbLuIuaZLt7JhJ_aI6mMXA,Costa Febre Monumental,43.000,CABA,,Nativo YouTube,Deportes,Revisado,2025-07-04,Transmiten y comentan
UCeEABBaQ8ODUyIcy9a6wm3w,Iglesia Del Centro,39.000,CABA,,Nativo YouTube,Religión,Revisado,2025-07-28,2 veces por semana
UC7Hx4xBMuw_PvVUliihHEcQ,posdata,37.100,CABA,,Nativo YouTube,Actualidad,Revisado,2025-07-04,programacion y estudio
UCVvXKi8_WUIO85hCllKhQBg,Circulo Vicioso,35.200,CABA,,Nativo YouTube,Charlas/Podcast,Revisado,2025-07-04,Estudio. programacion semanal
UCFokhJeu64SK7Q9j5YZdXFA,Mariano de la Fuente,35.200,CABA,,Nativo YouTube,Deportes,Revisado,2025-07-04,"3 veces por semana, dede la casa"
UCWwZpofeEFNH-R8g1DC0fHA,Eva TV EN VIVO,34.300,CABA,,Nativo YouTube,Política,Revisado,2025-08-06,Programacion y estudio
UCPIgqTAeWOgNvrjsGY68JSw,Laca Stream,29.200,CABA,,Nativo YouTube,Actualidad,Revisado,2025-07-04,Estudio y programacion 
UCE50QneVgl78Y5vdlf9N4MQ,Ser stream,29.200,CABA,,Nativo YouTube,Entretenimiento,Revisado,2025-09-17,"Canal de cumbia, dos programas stream por semana"
UCgU93Zz9eSs4rEncikI-xjg,Hernán Castillo,27.300,CABA,,Nativo YouTube,Deportes,Revisado,2025-08-06,Una vez por semana 
UCUMT08syWzDpL0ooqgy8wOQ,Vale Todo,26.800,CABA,,Nativo YouTube,Actualidad,Revisado,2025-09-05,Estudio y programación
UCRqxJ75Dy7vkX2GyICdXHkg,Atentos Pinchas ,24.200,CABA,La Plata,Nativo YouTube,Deportes,Revisado,2025-09-23,Transmision diaria por zoom
UCk5p1QWmrOD7JzTUcJhj28Q,DELIREO,20.900,CABA,,Nativo YouTube,Actualidad,Revisado,2025-07-04,Estudio programacion semanal
UCi3DtpoKKaaG7RL1gKLhDdw,Dominio Digital,17.100,CABA,,Nativo YouTube,Entretenimiento,Revisado,2025-08-06,Programa semanal por zoom
UCAgGq6sf2YRVqycl_DDYmVA,Equipo Desafío Radio,16.900,CABA,,Nativo YouTube,Deportes,Revisado,2025-09-02,Transmiten desde la cabina
UC7TFjz6yEImGZQ7I2CDO7FA,La Choza Contenidos,15.800,CABA,,Nativo YouTube,Entretenimiento,Revisado,2025-07-21,programación semanal y estudio 
UCyTNuuFKINWHUDCoytDuLAw,Verónica Ressia,14.900,CABA,,Nativo YouTube,Política,Revisado,2025-08-16,Diputada. Zoom semanal
UC5vLT_sfYMl76xrTx-UsgHg,LOVE / ST TV – El Streaming desde el Shopping,14.100,CABA,,Nativo YouTube,Entretenimiento,Revisado,2025-08-07,Estudio y programación
UC0jEZX9GWfnD8QF6KtKXmyA,La Nave de Oseberg,12.800,CABA,,Nativo YouTube,Entretenimiento,Revisado,2025-08-07,Programacion semanal
UCwq2vEa11mrAp-2SSV3YyeA,Boca es Boca,12.700,CABA,,Nativo YouTube,Deportes,Revisado,2025-09-05,Programacion semanal
UCqi_IsDGo6tBtGHEYD2VASg,Norita Streaming,12.600,CABA,,Nativo YouTube,Actualidad,Revisado,2025-07-31,Transmite su programa de Radio Perfil 
UCPfuzM5b9pA1TNb60lTr_eg,Mario Benigni,10.200,CABA,,Nativo YouTube,Deportes,Revisado,2025-08-03,Relatos y comentarios de San Lorenzo
UCZ2mPbZcqhmDFzbSDkxZhOQ,Neutral,10.000,CABA,,Nativo YouTube,Economía,Revisado,2025-08-15,Estudio y programación
UCDBP9nfxJ4AX5w3rNRKziRQ,AJPP Argentina,9.540,CABA,,Nativo YouTube,Deportes,Revisado,2025-07-14,Transmiten campeonato de Paddle
UCrBaEKCxRWI7GnZUEhjxdMQ,NewGamePlus,9.380,CABA,,Nativo YouTube,Gaming,Revisado,2025-07-04,Videojuegos y tech
UCB1OO45mpo_1VmWg2s7VmPA,Parroquia Inmaculada Concepción de Belgrano,9.330,CABA,,Nativo YouTube,Religión,Revisado,2025-08-17,Transmiten misa
UClOfGUgIh_t1JeHTvBaSUPw,Tiempo de Seguros,8.020,CABA,,Nativo YouTube,Actualidad,Revisado,2025-08-21,Programación y estudio
UCc-yBQ4ky4-7KWjIqhhdoiw,SoyQuemero TV,6.800,CABA,,Nativo YouTube,Deportes,Revisado,2025-08-12,Transmisión 
UCjJikdA9wz-mjqXhiYAw0iQ,CEIBO,6.430,CABA,,Nativo YouTube,Actualidad,Revisado,2025-07-04,Estudio y programacion semanal
UCdATaiSvmj1wK_IXOkGbaRg,Factoria 1251,6.430,CABA,,Nativo YouTube,Entretenimiento,Revisado,2025-07-04,Estudio y programacion diaria
UC27TKxjtYbUp2ZRoGPbq7UA,Argentinos Pasión,5.970,CABA,,Nativo YouTube,Deportes,Revisado,2025-08-06,Programacion semanal con estudio
UCxM_tp9qm5Pyk30mRGr43pg,VODCAST STUDIO | streaming,5.690,CABA,,Nativo YouTube,Actualidad,Revisado,2025-08-08,Programacion diaria y  estudio
UCY5Rt0dXyCCor1ZNS8N7QxQ,Onvres,5.510,CABA,,Nativo YouTube,Entretenimiento,Revisado,2025-06-28,3 veces por semana estudio propio
UCT2utGZxr-z8zP87ctLFUYA,ELADO V,5.320,CABA,,Nativo YouTube,Charlas/Podcast,Revisado,2025-06-18,estudio y programacion semanl. Son 4 mujeres
UCoMWL1nTMCvmaayK__aadZA,La Jodienda,4.840,CABA,,Nativo YouTube,Música,Revisado,2025-08-07,Programa semanal con estudio
UCL7deqS51ZnbHl4WvcR9adQ,APuroFutbol03,4.380,CABA,,Nativo YouTube,Deportes,Revisado,2025-08-28,Transmision de partidos de equipos argentinos y programas via zoom
UCplhghBasIrRghKj_09DhGg,Antezana 247 | La Mansión,4.300,CABA,,Nativo YouTube,Música,Revisado,2025-09-03,Estudio y programacion diaria
UCJi8ZBbLPl7MEzYT8M_y8bw,Red Moskito Radio,4.210,CABA,,Nativo YouTube,Música,Revisado,2025-06-18,"Charlas de rock, con estudio"
UCIazidC1MjI_3boU9H-BSOw,Vestuario Stream,4.150,CABA,,Nativo YouTube,Deportes,Revisado,2025-09-12,"Programacion semanal, con estudio"
UC8mjzWBO7-XvOf5iMe4cVMw,Parana stream,3.520,CABA,,Nativo YouTube,Entretenimiento,Revisado,2025-07-22,dos programas semanales con estudio
UC_Icl9nHn_jS1U1MFfVKK8w,Pogueando,3.030,CABA,,Nativo YouTube,Charlas/Podcast,Revisado,2025-09-01,Transmision semanal con estudio
UCFTwvHzZ9i8aQOK9KpVZsvg,Handball AAAJ,2.620,CABA,,Nativo YouTube,Deportes,Revisado,2025-08-09,Transmision de Handball
UC6UNAtHxhjnYlV_1FF-l4zA,Buenos Aires Panorama,2.590,CABA,,Nativo YouTube,Entretenimiento,Revisado,2025-08-29,Live Cam desde el obelisco
UCY-mCi3NqKbMW2OvFDFlReg,LIGA ARGENTINA,2.470,CABA,,Nativo YouTube,Deportes,Revisado,2025-08-24,Transmision futbol sala
UCHOGY0mEhpa3hDfk2jNAH-w,Cervelive,2.390,CABA,,Nativo YouTube,Entretenimiento,Revisado,2025-08-06,Programación diaria y estudios
UCgB_Kh3mCnRcNwML6Z1_f9A,AHORA Stream,2.270,CABA,,Nativo YouTube,Política,Revisado,2025-08-01,Transmisón semanal y estudios
UC8Hh8YGEqfewmf4LHxMoyYg,805 stream,2.170,CABA,,Nativo YouTube,Deportes,Revisado,2025-09-12,Estudios y programación. Boca Juniors
UC5yOirwBZNtp-t6Vuow89aA,Amores en Red,2.070,CABA,,Nativo YouTube,Entretenimiento,Revisado,2025-08-06,"Desde casa, programación semanal, diversidad sexual"
UCADWPlpKHqlkODRnOf7jNFA,Somos APL,1.890,CABA,,Nativo YouTube,Actualidad,Revisado,2025-06-18,Programación semanal libanesa
UCirwDPUvZ5f25ToujX1UnCg,ENTRETIEMPO ,1.790,CABA,,Nativo YouTube,Deportes,Revisado,2025-09-03,Programacion semanal y transmision departidos
UCm12Zh9CBIObratkKuDrvqQ,kAOS EN VIVO,1.680,CABA,Por determinar,Nativo YouTube,Charlas/Podcast,Revisado,2025-08-10,Estudio y alquiler del espacio
UC_lnf3whd4UOM0Vnbw-pkeA,citrico,1.670,CABA,,Nativo YouTube,Política,Revisado,2025-09-11,Estudio y programacion d¡aria
UC7m8gl1lIX01LYVyDq6Z_xA,improxtv,1.630,CABA,,Nativo YouTube,Charlas/Podcast,Revisado,2025-08-12,Estudio y programacion d¡aria
UCakcB6z6gNOacpGm1m5pFsA,Glup!,1.110,CABA,,Nativo YouTube,Entretenimiento,Revisado,2025-06-18,Estudio y programación
UCfXbPlFPw_aBCkTDfEfRF8A,La Mafia Quema ,682,CABA,Parque Patricios,Nativo YouTube,Deportes,Revisado,2025-08-06,"Huracán, estudio croma"
UCR5LtHs_5PI1Ok9jougz36Q,Taller de streaming,533,CABA,,Nativo YouTube,Entretenimiento,Revisado,2025-08-23,Estudio y programación
UChYpymrIKFd4xvmVoTAfroA,DSTREAMTV,509,CABA,,Nativo YouTube,Entretenimiento,Revisado,2025-09-10,"estudio, programación"
UCNE8FNwUoqg7L7_KhmVrRxQ,Radio Nuevo Tiempo Argentina,502,CABA,,Nativo YouTube,Religión,Revisado,2025-08-25,Iglesia en varios paises
UCC1kfsMJko54AqxtcFECt-A,Urbana Play 104.3 FM,862.000,CABA,,Radio,Noticias,Revisado,2025-06-18,
UCYvINPByAdCcpA0sWrF3I_w,Radio Mitre,600.000,CABA,,Radio,Noticias,Revisado,2025-07-04,
UC2zO2jZCDplwm8SVsXUcxCQ,La 100,562.000,CABA,,Radio,Actualidad,Revisado,2025-06-18,
UCxDteokWBemJvLI_I0VUGdA,Radio Con Vos 89.9,277.000,CABA,,Radio,Actualidad,Revisado,2025-06-18,
UCs1U5lRXvUJHn0CgXI6oXAw,Radio La Red AM 910,264.000,CABA,,Radio,Deportes,Revisado,2025-06-18,Transmiten solo futbol. relatos
UC-rI_XNppHJO-Ga4RW_CDKw,El Observador 107.9,242.000,CABA,,Radio,Actualidad,Revisado,2025-07-04,
UCJozD5RVug7EZdTjqkGISYQ,Radio10,143.000,CABA,,Radio,Noticias,Revisado,2025-06-18,
UCLAj5TzCrNbqe3LosSKHLcQ,Radio Rivadavia AM 630,129.000,CABA,,Radio,Noticias,Revisado,2025-07-04,Re transmiten
UCtloZ7xFNO9O114pkoV9a5g,Mega 98.3,89.800,CABA,,Radio,Noticias,Revisado,2025-07-04,Re transmiten una parte
UCN3gx_z62nxCeFIkaK2HbrA,Somos Radio AM 530 - EN VIVO,75.100,CABA,,Radio,Actualidad,Revisado,2025-08-04,Re transmiten 
UCHJ-iCyE3kG7xcFkwbBT19A,Radio Gráfica FM 89.3,54.600,CABA,,Radio,Noticias,Revisado,2025-08-06,Re transmiten
UCgcUYL6ODQniPuwD4N-Tlvg,Radio Nacional Argentina AM870,28.700,CABA,,Radio,Noticias,Revisado,2025-06-18,Re trasnmiten
UCKPqqHlEtPfJ-WOePpTUFPw,Radio Zonica,24.400,CABA,,Radio,Actualidad,Revisado,2025-06-18,Re transmiten 
UCiN7L3SrxJt8MuathJ4NXIA,Habla Huracán,12.300,CABA,,Radio,Deportes,Revisado,2025-08-03,
UCHTLhPXXh5xhQNdTY1BxNBg,Mantra FM 91.9,11.100,CABA,,Radio,Charlas/Podcast,Revisado,2025-07-08,Re transmiten de la radio - Espiritual 
UC-0zVkbit5cQgvvVMRWJDyQ,Radio Led,7.340,CABA,,Radio,Actualidad,Revisado,2025-09-07,Re transmisión
UCl1SlCzCSK09_8X6uCXjs6w,Radio Buenos Aires,3.770,CABA,,Radio,Deportes,Revisado,2025-08-09,Transmision de partidos de futbol y comentarios
UCBaz0mtYEorzJEiczc3_P-Q,La Ranchada,2.600,CABA,,Radio,Música,Revisado,2025-08-21,Re transmision de radio
UCi_8HWIFhxPMHf3jGbjBpWw,Radio Cultura Buenos Aires,2.600,CABA,,Radio,Actualidad,Revisado,2025-08-08,re transmision de radio
UC6_sxVhPAegxFNhzLP2NBxw,CHIKEFTÉ,535,CABA,,Radio,Actualidad,Revisado,2025-09-03,comunidad armenia
UCquSa_zX6ZDxLD9sGhH1hQA,107.5 Mas Radio,501,CABA,,Radio,Actualidad,Revisado,2025-08-16,
UC0DM_mHV2u6dj8ig51GkQwg,eltrece,14.000.000,CABA,,TV,Noticias,Revisado,2025-07-04,
UCHc3el42hXKKhjs_1vzWk9A,Telefe,7.240.000,CABA,,TV,Noticias,Revisado,2025-06-18,
UCj6PcyLvpnIRT_2W_mwa9Aw,Todo Noticias,4.740.000,CABA,,TV,Noticias,Revisado,2025-07-04,
UCba3hpU7EFBSk817y9qZkiA,LA NACION,3.300.000,CABA,,TV,Noticias,Revisado,2025-07-04,
UCFgk2Q2mVO1BklRQhSv6p0w,C5N,3.080.000,CABA,,TV,Noticias,Revisado,2025-06-18,
UC72ZaBKI-Bo5fjmWEYonhJw,TyC Sports,3.020.000,CABA,,TV,Deportes,Revisado,2025-07-04,
UC6NVDkuzY2exMOVFw4i9oHw,América TV,2.610.000,CABA,,TV,Noticias,Revisado,2025-07-04,
UCT7KFGv6s2a-rh2Jq8ZdM1g,Crónica TV,2.380.000,CABA,,TV,Noticias,Revisado,2025-07-04,
UCR9120YBAqMfntqgRTKmkjQ,A24com,2.250.000,CABA,,TV,Noticias,Revisado,2025-07-04,
UChxGASjdNEYHhVKpl667Huw,Telefe Noticias,2.070.000,CABA,,TV,Noticias,Revisado,2025-07-04,
UCrpMfcQNog595v5gAS-oUsQ,Canal 26,1.990.000,CABA,,TV,Noticias,Revisado,2025-07-04,
UCI5RY8G0ar-hLIaUJvx58Lw,TNT Sports Argentina,1.440.000,CABA,,TV,Deportes,Revisado,2025-07-06,
UCWepqrtrANMkbeoBMHxNbOg,La Voz Argentina,1.180.000,CABA,,TV,Música,Revisado,2025-07-04,
UCiaePeoCqpU8hBHiNrgkzrA,eldoce,786.000,CABA,,TV,Noticias,Revisado,2025-07-04,
UCQqKz7fkx6keYqPMOegl_qA,Bendita,567.000,CABA,,TV,Entretenimiento,Revisado,2025-07-31,Contenido especifico para YT
UCA5DCzl1x1oGcgZXwqgn7Dg,Fox Sports Argentina,147.000,CABA,,TV,Deportes,Revisado,2025-08-08,Programacion stream
UCkZ-wWxq46THSmabz4Xbb3A,Telediario Digital,43.300,CABA,Rio Cuarto,TV,Entretenimiento,Revisado,2025-08-26,Re transmiten
UC6YundoLrEuBJaPp_oEPWaA,Barricada TV,35.700,CABA,,TV,Actualidad,Revisado,2025-07-04,Re transmiten una parte
UC1h8_HKc5wScqeRw1HV6a6w,Diputados TV,28.400,CABA,,TV,Noticias,Revisado,2025-07-31,Re transmiten
UCPumJ2ayrr-JDsA9JDCUDDQ,Canal Rural,18.100,CABA,,TV,Economía,Revisado,2025-07-04,Transmisión de eventos espciales 
UC34VK3NlJKJYjaPEwsKkPcg,Re Stream TV ,1.380,Catamarca,,Nativo YouTube,Entretenimiento,Revisado,2025-09-01,Programación y estudio
UCE8whPomb-u52ToG2Qr0sJg,Multimedios Ciudad,990,Chaco,,Digital,Actualidad,Revisado,2025-07-02,re transmiten una parte de la radio
UCUETh6Vi0yqIBuXpDpWYObw,Guidavi tv,564,Chaco,Resistencia,Nativo YouTube,Entretenimiento,Revisado,2025-08-06,"Estudio, programación"
UC9__9QhrT8ggoCoFUUmciQQ,DataChaco Stream,501,Chaco,,Nativo YouTube,Entretenimiento,Revisado,2025-09-03,Programación
UCaXoMSONiy63XL12PqwxSRQ,Alerta Urbana,9.460,Chaco,Resistencia,Radio,Entretenimiento,Revisado,2025-08-07,Re tyransmite de Radio
UCHrOHgxInIKtPnyFl-I3ulg,Radio Libertad 99.1,1.490,Chaco,,Radio,Entretenimiento,Revisado,2025-08-06,Estuido y programación 
UCLLmXA0AWicOw_kBDtEzvMg,Radio X5 107.3 FM,1.310,Chaco,Resistencia,Radio,Actualidad,Revisado,2025-08-07,Re transmisión
UCqDA-KXzsZ3SEGHInfv5rpQ,Diario Jornada Chubut,74.800,Chubut,,Diario,Actualidad,Revisado,2025-09-10,Re transmiten 
UCJ9CibdIF2SHOw5UErEJemQ,El UNO TV,2.010,Chubut,Trelew,Nativo YouTube,Entretenimiento,Revisado,2025-08-24,Programación y estudio
UCgz3b9_Ok4_1c2tX79OpyZg,Stream House,1.580,Chubut,Comodoro Rivadavia,Nativo YouTube,Entretenimiento,Revisado,2025-07-31,"Estudio y programacion d¡aria, alquila espacio"
UCf0t3JPPILv3Pt4GiWwU3Ew,AZM TV Canal9 de la Patagonia,24.400,Chubut,Comodoro ,TV,Noticias,Revisado,2025-07-07,Re transmiten solo noticiero
UCluV_ArZV6NOdQIWiXTJx3g,La Voz,195.000,Córdoba,,Diario,Noticias,Revisado,2025-08-25,
UC39LQlfIVgrVjlyjf4f4xiw,Canal Showsport,17.200,Córdoba,,Digital,Deportes,Revisado,2025-08-01,Re transmision de la tv
UCZ2voklsl3XHugqbm19wB1w,Universo TV,60.300,Córdoba,,Nativo YouTube,Deportes,Revisado,2025-07-14,Programacion y estudio
UC1HNiLWWsOwdQJvndTBnYWw,Gino Games,47.200,Córdoba,,Nativo YouTube,Gaming,Revisado,2025-07-04,1 o 2 vivos por semana
UCsF1LDBDvGezKsTUdhHlSyw,MEDEATV HD,27.400,Córdoba,,Nativo YouTube,Religión,Revisado,2025-08-06,"Estudio y programa semanal, mas transmision de reuniones"
UCroujw-HNVtkdv9NHWZdLDA,Lau ²,26.100,Córdoba,San Francisco,Nativo YouTube,Entretenimiento,Revisado,2025-08-06,"Desde la casa, una o dos veces por mes"
UCVSPRfoTypDMGQGXExJbK-w,Crack 💥,4.270,Córdoba,,Nativo YouTube,Entretenimiento,Revisado,2025-08-01,Programacion diaria y estudios
UCz8kSGYEBCY9DVJ-CJjEYdg,LA TRIBU TV,2.480,Córdoba,,Nativo YouTube,Entretenimiento,Revisado,2025-08-15,Programacion diaria y estudio
UCFUxUM0t3ZerOpFw3Xe4ZpQ,Furia Sports,2.050,Córdoba,,Nativo YouTube,Deportes,Revisado,2025-07-04,Transmision deporte 
UCjabTl2rRfH8BAg2PfCxYKg,Multimedio Mordisquito,1.960,Córdoba,,Nativo YouTube,Entretenimiento,Revisado,2025-07-04,Programación y estudio
UCQ2_5H4V7okSXN2TtbL-KNw,VERMUT,1.340,Córdoba,,Nativo YouTube,Actualidad,Revisado,2025-07-28,Estudio y programacion
UCsTU_10R75OBwvWiwmj18iA,Apostol Fabián y Marcela Pierotti.Oficial,1.200,Córdoba,Vila María,Nativo YouTube,Religión,Revisado,2025-09-05,transmisión 2 veces por semana
UC1BSDeyIgVWN-y_ymdqqQ-g,Lina Tv,1.140,Córdoba,,Nativo YouTube,Entretenimiento,Revisado,2025-07-16,estudio y programación
UCQoKWemIRiWP87mToLyOYoQ,Cuerpo de Cristo Cordoba Argentina.,895,Córdoba,,Nativo YouTube,Religión,Revisado,2025-07-04,"1 o 2 veces por semana, misa"
UCi5dvjk3AIzds36riXtDw9g,Boom TV,683,Córdoba,,Nativo YouTube,Entretenimiento,Revisado,2025-08-01,estudio y programación
UCNxohbqfDp8YxW_Mji2XMHA,Cadena 3 Argentina,285.000,Córdoba,,Radio,,Revisado,2025-07-04,Solo Audio
UCXo0f0QbzojzDkXbUvb-RqQ,Cadena Popular,18.700,Córdoba,,Radio,Música,Revisado,2025-09-05,Transmision de eventos especiales
UC3OQ66wEJaOPHK25IBdWR_g,Telefe Córdoba,314.000,Córdoba,,TV,Noticias,Revisado,2025-09-19,
UC6786bpkxmtqw2YgicH4g3A,Cuarteteando,129.000,Córdoba,,TV,Música,Revisado,2025-08-06,Transmiten un programa de TV
UCr7ZG6gLeEp8ceQNFqRT7Wg,SIN FILTRO,19.100,Corrientes,,Nativo YouTube,Actualidad,Revisado,2025-07-04,3 o 4 veces por semana. Tiene auspicios de Chile 
UC8Ry9rc2MTsqSzNcPCBPTnQ,Liga Correntina de Fútbol (LCF),7.120,Corrientes,,Nativo YouTube,Deportes,Revisado,2025-07-06,Transmisión de futbol
UCJz5qRjguB9vpEvoNwrLo2A,Ziesta TV,7.030,Corrientes,,Nativo YouTube,Entretenimiento,Revisado,2025-08-07,Estudio y programación
UC8p3cL2_TayVZF5vHYPqgcA,Che Corrientes,4.970,Corrientes,,Nativo YouTube,Entretenimiento,Revisado,2025-07-04,Programacion diaria y estudios
UCSK-GpCEBGHjBk80IfplA0A,A Rodar Transmisiones,2.470,Corrientes,,Nativo YouTube,Deportes,Revisado,2025-08-16,"Liga correntina de futbol, transmisiones"
UCpTU4EB1S09wgEOw88wOwTg,Ferpley,1.260,Corrientes,,Nativo YouTube,Deportes,Revisado,2025-08-10,Transmision de partidos y deportes
UCOEfC01xcEN2e_Dju2MP88Q,Radio LT7 AM 900,17.100,Corrientes,,Radio,Noticias,Revisado,2025-08-25,Re transmisión de noticias
UCEADxHi1qa2ne_QwoT3U54g,CORRIENTES EN EL AIRE,5.310,Corrientes,,Radio,Actualidad,Revisado,2025-08-06,Radio de corrientes
UCV2wWPUa5DN2EYjibVyqEjA,Canal 5TV,14.300,Corrientes,,TV,Actualidad,Revisado,2025-08-10,Re transmision esporadica
UCOP8wnjy5ol1ulyy_DjaYIA,Radio-Streaming 97.1,2.340,Entre Ríos,San José,Nativo YouTube,Actualidad,Revisado,2025-07-08,Radio y Stream programaciòn diaria y estudios
UCaYfvUtFsl2nfGtgdpD2ZDQ,Axon Pro Stream,1.780,Entre Ríos,Rosario de la Tala,Nativo YouTube,Entretenimiento,Revisado,2025-07-08,Estudio programacion diaria
UCRmiovzpc5JPZG9wnIg_hyg,FM SOL TV ,6.380,Entre Ríos,,Radio,Entretenimiento,Revisado,2025-08-24,Re transmision 
UC7gEA782xAPTaiIr2iCPokw,DiamanteFM,678,Entre Ríos,Diamante,Radio,Actualidad,Revisado,2025-09-11,Transmiten desde la radio
UCWzsoIEZLGLinhYrm66VD4Q,ELONCE ,154.000,Entre Ríos,Paraná,TV,Actualidad,Revisado,2025-06-18,
UCQtJCkHdO66sKxvfD8Ik_bg,Campeones TV,92.000,Indeterminada,,Digital,Deportes,Revisado,2025-09-25,Transmiten carreras y comentan
UCJKjzEoy91UYS-bZLc4CLCQ,Agustín Laje Arrigoni,2.520.000,Indeterminada,España,Nativo YouTube,Política,Revisado,2025-07-04,
UCBPasXWxj1DYJLqZktw_UWg,Fútbol Digital,2.110.000,Indeterminada,,Nativo YouTube,Deportes,Revisado,2025-07-04,APUESTAS
UCwd_qoS94df5orGoPLPnsxQ,Franco Pisso,1.170.000,Indeterminada,,Nativo YouTube,Charlas/Podcast,Revisado,2025-07-04,
UCZvKTlILcfKag_3HPgBZWzQ,Punicher,1.120.000,Indeterminada,,Nativo YouTube,Gaming,Revisado,2025-07-04,
UCLJ0ABXgiTa74F4_X91N-3Q,Deportes Al Taco,614.000,Indeterminada,,Nativo YouTube,Deportes,Revisado,2025-07-04,Transmiten Futbol
UCNHkxojmJmEuMg0W-LA3awQ,La Casaca Futbol,547.000,Indeterminada,,Nativo YouTube,Deportes,Revisado,2025-07-04,Transmiten Futbol
UC8MU__RWNw1cSzqHpRyt1_g,César Moreno,545.000,Indeterminada,,Nativo YouTube,Política,Revisado,2025-07-04,
UCiN40zpNQVWT9cUeahegtmA,Cábala Futbolera,532.000,Indeterminada,,Nativo YouTube,Deportes,Revisado,2025-07-04,Transmiten Futbol
UCFCsnU1m_b1t93Oz9Weawng,Tipito Enojado,479.000,Indeterminada,,Nativo YouTube,Política,Revisado,2025-07-04,
UC2PsNyLJ5bjLFuzJ0WpqOHw,Tolondroque,432.000,Indeterminada,,Nativo YouTube,Deportes,Revisado,2025-07-04,Relato Daniel Mollo
UC7ah60G8vVmj4S1bF3D5JlA,Café Kyoto,430.000,Indeterminada,,Nativo YouTube,Ciencia,Revisado,2025-07-04,
UChjg411BTXq5PwgUj5yDBTw,FRANKO BONETTO,417.000,Indeterminada,,Nativo YouTube,Deportes,Revisado,2025-08-31,Membresia para ver sus reacciones 
UCK2ozGMW83z83QQaHjZeVBg,Los Herederos de Alberdi,417.000,Indeterminada,,Nativo YouTube,Política,Revisado,2025-07-04,
UC_HmnbOUGntK97PGUIXF9HA,Sara's Tech,402.000,Indeterminada,,Nativo YouTube,Tecnología,Revisado,2025-08-19,
UCCFy6nNa53k6NyFHTZrFHRw,La Página Millonaria,332.000,Indeterminada,,Nativo YouTube,Deportes,Revisado,2025-07-04,"Relata Costra Febre, solo audio"
UCCDRu5BLs5ie2jnJUXlOROg,A PURO FUTBOL,324.000,Indeterminada,,Nativo YouTube,Deportes,Revisado,2025-07-03,Transmiten. Relatores locales
UCXMRQdmsNExIygGFF85qbOw,Salimos Por abajo,303.000,Indeterminada,,Nativo YouTube,Deportes,Revisado,2025-07-04,"Tranmiten Futbol, relatores locales"
UCzmvTwRkUUsd-RguaMl2V1g,Tipito LIVE,292.000,Indeterminada,,Nativo YouTube,Política,Revisado,2025-07-04,
UCPauQWO2Z-dTW0JffKSlGkg,Nicolás Márquez,286.000,Indeterminada,,Nativo YouTube,Política,Revisado,2025-07-04,
UCBKkCWzUoLYrlFEZlh7HyCA,JUANY,279.000,Indeterminada,,Nativo YouTube,Política,Revisado,2025-08-06,
UCcMbGtY3R8GZHpOkvpn0kVg,Rincón Apologético,268.000,Indeterminada,,Nativo YouTube,Religión,Revisado,2025-07-04,Desde casa y tienen estudio
UCmXRujtSJ_ni8o1Gkun7__g,Claudio Freidzon,264.000,Indeterminada,,Nativo YouTube,Religión,Revisado,2025-07-04,Iglesia evangelica
UC8VAN6uDFyzS9_KZRVDlqOw,La Casaca Boxing Club ,212.000,Indeterminada,,Nativo YouTube,Deportes,Revisado,2025-07-04,Comentan boxeo
UCPNeLjv9WYq4d3FAOkrMIFg,¡Nico Fandubs!,199.000,Indeterminada,,Nativo YouTube,Gaming,Revisado,2025-07-04, fandubs de ASMR
UCb92U0AX3PAEdRN4p8_pKuQ,INNER Tarot,197.000,Indeterminada,,Nativo YouTube,Charlas/Podcast,Revisado,2025-08-06,Tarot
UC8Cr_RJJpqMw0ha8JZvL0Zg,Granega Transmisiones,185.000,Indeterminada,,Nativo YouTube,Deportes,Revisado,2025-07-04,Transmision de futbol 
UCmSXIvSkiWU_4Eg1HXdJ9vw,FUTBOL Y MENUDENCIAS,171.000,Indeterminada,,Nativo YouTube,Deportes,Revisado,2025-08-11,Comenta futbol
UCTq4iGnzXF8lyvvwAL2o7oA,"DARLE LA VUELTA • Fla, Willy y Margui🐶 ",167.000,Indeterminada,,Nativo YouTube,Charlas/Podcast,Revisado,2025-08-13,"una vez por mes, viajan. "
UCPi7qn4OydOUSfHQqU0XDQg,Nacho AoE,159.000,Indeterminada,,Nativo YouTube,Gaming,Revisado,2025-07-04,
UC_5l3NJKsvoSIicuNMJBoiQ,EL LAUCHA,151.000,Indeterminada,,Nativo YouTube,Entretenimiento,Revisado,2025-07-04,Un programa diario
UC7AAzYYZ9fqD36a_T17WnNw,Cedem Tarot • Tarot Predictivo ,119.000,Indeterminada,,Nativo YouTube,Charlas/Podcast,Revisado,2025-08-11,Tarot en vivo
UCDX7MfCjTIRE3yv5SEGttBA,Fiamma Curtosi,115.000,Indeterminada,,Nativo YouTube,Charlas/Podcast,Revisado,2025-07-04,
UCXTtI0Ioku0XXo4zq5U3J_A,Andy Stop Loss,88.600,Indeterminada,,Nativo YouTube,Economía,Revisado,2025-09-11,En vivo y contenido solo para miembros
UCcXLIwBDN3UewgfqzVSoCnw,GOLANDPOP,23.100,Indeterminada,,Nativo YouTube,Deportes,Revisado,2025-07-04,Tramsiten partidos Liga argentina y programa diario
UCQmrryWla1HDW_E9nyiJoMw,LeoMett,19.800,Indeterminada,,Nativo YouTube,Gaming,Revisado,2025-07-04,Tramsmision diaria
UCMtaM9hHm8JW3dtGVDkJx_g,Gonzalo Cettour,18.900,Indeterminada,,Nativo YouTube,Deportes,Revisado,2025-07-04,Porgrama semanal
UCx4uM9c2BTrw-2N8LlwT2wg,Bigotes Online,15.100,Indeterminada,,Nativo YouTube,Gaming,Revisado,2025-07-04,Transmision semanal 
UCY6y4R8X-uJ-phZeIyXtipQ,eMotorSport,14.400,Indeterminada,,Nativo YouTube,Gaming,Revisado,2025-08-06,Transmision semanal 
UCODvINUJ6E4w8NW505X2Wxg,Ascenso 247,11.800,Indeterminada,,Nativo YouTube,Deportes,Revisado,2025-09-14,Transmisión partidos asenso
UCrOxTrZW5Gr6OIzDsGDicSg,Tomás Juárez ,5.550,Indeterminada,Por determinar,Nativo YouTube,Deportes,Revisado,2025-08-11,Transmision desde celular
UCsqe8NxFBVyypd7AKxScpwA,La Juntada de los Artistas,4.940,Indeterminada,Por determinar,Nativo YouTube,Música,Revisado,2025-08-05,Programación semanal y estudio
UCxl_IErPtAwvPGXa7ozhM0A,Siempre La Liga,2.490,Indeterminada,,Nativo YouTube,Deportes,Revisado,2025-07-04,"Programa de futbol, transmision semanal"
UCxudnyQTytnBHAxHFkaRwuw,KRIMI,1.180,Indeterminada,,Nativo YouTube,Gaming,Revisado,2025-08-06,Todos los dias de 16 a 20
UCWuPElpiygrNEVGNbVUeGvQ,VozdeHechicera,1.030,Indeterminada,,Nativo YouTube,Charlas/Podcast,Revisado,2025-08-22,"Espiritual, magia. semanal"
UC7k4rUSBeNtCwMK-ldIRVTw,IAME SERIES ARG,942,Indeterminada,,Nativo YouTube,Deportes,Revisado,2025-07-22,Transmiten karting
UCYR1YCjglYUbpGRKx3zhd5A,AGD Trading Academy,545,Indeterminada,,Nativo YouTube,Economía,Revisado,2025-08-03,Trader
UCvQnMrqPP1XESwZrUOfZ0Vw,Cada Trade es un Mundo     ,505,Indeterminada,,Nativo YouTube,Economía,Revisado,2025-08-08,trade en vivo
UCbo8CWviZeM8IdQs9-NYOZQ,RadioMariaArgentina,119.000,Indeterminada,,Radio,Religión,Revisado,2025-07-04,Re transmiten
UCMywWPYWcnMqkgIOdyeYgyA,El Tribuno de Jujuy,26.600,Jujuy,,Digital,Noticias,Revisado,2025-08-06,Estudio y programación
UCcIbPO8KQw3LWnXUE71itNw,Gato Garcia,14.500,Jujuy,,Nativo YouTube,Música,Revisado,2025-08-06,TRansmite su programa en la radio
UCqsxXwo5syVK1V1yusBUwXQ,Goat Urban TV,7.260,Jujuy,,Nativo YouTube,Música,Revisado,2025-08-02,Estudio y programación
UCl0fpq_iN8YmbwTW8wrp5cQ,COYA TV,5.050,Jujuy,,Nativo YouTube,Actualidad,Revisado,2025-08-20,Programacion diaria y estudios
UC7vcB8iuaDPMiX-lePxhBAg,Mucho Stream,1.490,Jujuy,,Nativo YouTube,Entretenimiento,Revisado,2025-06-29,Estudio y programacion semanal
UCz_GQfPwA9vlsW61Fb6DoRA,Jujuy Play,670,Jujuy,,Nativo YouTube,Entretenimiento,Revisado,2025-08-19,Estudio programación
UCvptQkEfIsDyL_TQdXgFjQw,JAD en VIVO,49.800,Jujuy,,Radio,Actualidad,Revisado,2025-08-08,Re transmiten parte 
UCby5_PTNj5TK0rRpPnOBfOg,Radio Trentina,11.200,Jujuy,,Radio,Actualidad,Revisado,2025-08-06,
UCncHTTKVMR4Sw7dVqQhVf9A,FM Sol 100.1 Jujuy,1.100,Jujuy,,Radio,Actualidad,Revisado,2025-08-07,re trasnmiten radio una parte
UCR9abfb1iBFMqONn8NLnbCg,La Brújula Jujuy ,594,Jujuy,Abra PAmpa,Radio,Entretenimiento,Revisado,2025-08-06,"Estudio, transmiten stream 8 a 12"
UCGV1SEZ-OdzT0NJgMrs_o_g,Canal 7 Jujuy,39.000,Jujuy,,TV,Entretenimiento,Revisado,2025-09-14,Re transmiten una parte
UCD4OTQquAFMT8DinS4U9J7A,Canal 4 Jujuy,28.500,Jujuy,,TV,Noticias,Revisado,2025-08-06,Re transmiten
UCFHhfZu16kAixWaight8-FA,Noticiero Canal 7 Jujuy,14.200,Jujuy,,TV,Actualidad,Revisado,2025-07-15,Re transmisión completa
UCCVAG9XDmh5my0_TPcfmd5g,Canal 2 Perico,1.540,Jujuy,Por determinar,TV,Tecnología,Revisado,2025-08-06,
UC79xDK7I0ugmh381EwUdrXA,Churo Jujuy!,12.300,Jujuy,,Nativo YouTube,Entretenimiento,Revisado,,Programacion semanal con estudio
UCrrPrarFzoLyF4l-dttjGoQ,educa-me,1.140,La Pampa,,Nativo YouTube,Educación,Revisado,2025-09-18,estudio y programación
UCAborg8VX5LcsOv65zsn0GQ,⚡El Tarot de Mauge⚡,16.100,Mendoza,,Nativo YouTube,Charlas/Podcast,Revisado,2025-08-26,Una vez por semana
UC7WpCrWnAh5DoHtMxbrtMnQ,Choco TV,8.670,Mendoza,,Nativo YouTube,Entretenimiento,Revisado,2025-08-01,Estudio y programación
UCfuCixFZ3OOOVy5CoIXFb-Q,Winexplorers,4.120,Mendoza,,Nativo YouTube,Cultura,Revisado,2025-06-18,
UCRw1y2JAiHN3mcjjCtrBBng,Canal Bardo,4.000,Mendoza,,Nativo YouTube,Entretenimiento,Revisado,2025-07-08,Prgramacion diaria y estudio
UClt7bSPOFVM0ZzueWWZ7lTQ,ESTE TV,2.680,Mendoza,Santa Rosa,Nativo YouTube,Actualidad,Revisado,2025-09-24,Programacion de lunes a viernes
UCBQd_Tg8k6lI7EBT3LYY4kw,VossTv,1.260,Mendoza,,Nativo YouTube,Deportes,Revisado,2025-08-01,transmision de partidos padel
UCxtCp4e1pGevREzI4aCMjow,EL BÚNKER,859,Mendoza,,Nativo YouTube,Política,Revisado,2025-07-04,programa semanal
UCHIfuRg5isAgn_TgOBjM2VQ,Radio Nihuil,16.600,Mendoza,,Radio,Actualidad,Revisado,2025-08-05,Re transmisión de noticiero y un programa
UC3clpW9cnU1wA-RUM-eoFTw,MDZ Radio Streaming,3.040,Mendoza,,Radio,Actualidad,Revisado,2025-08-05,"Re tarnsmiten radio, con estudio"
UCdfgN9FlX0AcNanbiz57OCw,CNN Radio Mendoza,719,Mendoza,,Radio,Actualidad,Revisado,2025-08-01,re trasmiten desde la radio
UC64ZNqX0FQHabP8iIkmnR3A,El Siete TV,847.000,Mendoza,,TV,Noticias,Revisado,2025-07-04,
UCjLp6-QQNRf34hBhGIJFB3Q,Radio Up 955 - Posadas ,1.190,Misiones,Posadas,Digital,Entretenimiento,Revisado,2025-08-06,Re transmiten una parte de la radio
UC9CTiYtuSVNNro30cOXriIA,La Casa del Streaming,19.300,Misiones,,Nativo YouTube,Actualidad,Revisado,2025-07-31,Programacion diaria y estudio
UCruwtpK8z2OdH8Ogr1rR26A,Nuevo Tiempo Neuquén,3.800,Misiones,,Nativo YouTube,Religión,Revisado,2025-09-20,Transmision del cuto evangelico
UC8L7WCsgsnGh_efjV1B-Ccw,Loop Stream,2.460,Misiones,,Nativo YouTube,Entretenimiento,Revisado,2025-07-29,Programacion diaria y estudio
UCMNjJsTCGOhTA0nLQhZpIYQ,Canal 3 Puerto Rico,6.680,Misiones,Puerto Rico,TV,Noticias,Revisado,2025-08-07,Re trasnmiten noticias
UC9RM5KFpUW52OZBeQIYsDxA,Misiones Cuatro,5.130,Misiones,,TV,Entretenimiento,Revisado,2025-07-22,Re transmiten una parte
UCBxrQb4cvg1mhbhhqMWjnmg,Radio y Televisión del Neuquén,17.000,Neuquén,,Digital,Cultura,Revisado,2025-09-13,Transmision de eventos especiales
UCb0uqv5nmfED2SIKNQrPXAg,LM Play ,31.700,Neuquén,,Nativo YouTube,Entretenimiento,Revisado,2025-08-12,Programación y estudio
UCVYNfPCYZQ46TitU3Ab3wtw,Río Celestial TV,5.150,Neuquén,,Nativo YouTube,Religión,Revisado,2025-08-06,"Iglesia pentecostal,transmision de reuniones"
UCQRV7jNXdt2zuQouqgPmDYQ,Radio Megafon,2.200,Neuquén,,Nativo YouTube,Actualidad,Revisado,2025-09-05,Programación diaria y estudios
UCly_q2wwgCfuWMmW0HGsWhw,Iglesia Nueva Vida UEA,779,Neuquén,,Nativo YouTube,Religión,Revisado,2025-08-06,Una vez por semana
UC0cwn_2m9gDFhRb30-mYEIA,Iglesia Adventista Neuquén Centro,526,Neuquén,,Nativo YouTube,Religión,Revisado,2025-08-06,
UCnAQcdp8YqgpMS9-x-hWphA,Canal 7 NQN Noticias ,12.000,Neuquén,,TV,Noticias,Revisado,2025-06-18,Re transmisión noticias
UCGcERTpPSOt9PuNf0JVe50w,Diario Río Negro,118.000,Río Negro,,Digital,Noticias,Revisado,2025-08-06,Retransmiten algunas partes
UCuv7X6x9wE2CB50lRwalRRQ,QH TV!,2.700,Río Negro,Alto Valle,Nativo YouTube,Entretenimiento,Revisado,2025-08-10,"Dos veces por semana, con estudio"
UC4_LVb6kygFxEg2xrfeb-Kw,Misión Iglesia Del Señor VR,961,Río Negro,Villa Regina,Nativo YouTube,Religión,Revisado,2025-07-29,Transmision misa semanal
UC3woFJgJr1F8-55tU9Bxz3Q,Manca,649,Río Negro,Sierra Grande,Nativo YouTube,Charlas/Podcast,Revisado,2025-07-04,Pequeño estudio
UCqcRu9coKWnbrr1Ooj354PQ,Canal 10 Río Negro,64.900,Río Negro,,Radio,Noticias,Revisado,2025-08-03,Re transmiten de la radio
UCcPlX20SIPcjVTk4TskKJXg,MAPUCHITO NOTICIAS,41.300,Río Negro,Viedma,Radio,Entretenimiento,Revisado,2025-08-29,Re transmite una parte
UCMy706Rhe2swaTmljCgiYVg,elseisTV,29.800,Río Negro,Bariloche,TV,Noticias,Revisado,2025-07-31,Re transmiten las noticas 
UCcYjXKAq7Gcnq3tBLpsQAUQ,datasa,3.020,Salta,,Digital,Actualidad,Revisado,2025-08-06,"Multimedio Salteño, estudio. Mucha publicidad en los videos. "
UCitjTD6nZvtJxgEP31AZ0wg,Central Norte Hinchada ♪,34.400,Salta,,Nativo YouTube,Deportes,Revisado,2025-08-10,Partidos y comentarios
UCvbL66_XzHtQL4nDAKHli-Q,Que Pasa Salta (+),22.900,Salta,,Nativo YouTube,Entretenimiento,Revisado,2025-09-12,Programacion y estudio
UCct93PLndurii4Aj6Uvc7hQ,Vino Terapia,9.830,Salta,,Nativo YouTube,Música,Revisado,2025-08-06,Estudio y programación
UCvXizAz8oQhxrxarOlN9EtQ,OJO CRÍTICO SALTA,4.610,Salta,,Nativo YouTube,Actualidad,Revisado,2025-09-08,Tranmision irregular desde la calle
UCRh8gvYQli1yE69aS5ai_1g,Sports Salta,3.980,Salta,,Nativo YouTube,Deportes,Revisado,2025-09-12,Programa de futbol semanal en estudio
UCceMf3FquCDjFUwpGH8ZyJw,La Cacharpaya Ok,24.100,Salta,,Radio,Música,Revisado,2025-09-10,Tranmiten eventos especiales
UCFEF7uWo5bKzHLM8esdoylQ,eLoro ,11.000,Salta,,Radio,Deportes,Revisado,2025-09-21,Transmiten furbol nacional
UCpIjkLTuUrYJklz-33XH41Q,Cielo FM ,2.530,Salta,,Radio,Entretenimiento,Revisado,2025-08-26,
UCFYRnydaABWy-oGJZ5XSDLg,Radio FM La 90.9 - Salta ,724,Salta,,Radio,Actualidad,Revisado,2025-09-12,Re trasmiten desde la radio una parte
UCjkPfht3dSaYUV37P3cQzRA,Tv Canal 2 Salta,31.100,Salta,,TV,Entretenimiento,Revisado,2025-09-12,Tienen programación especial para Stream y Radio
UCb5-VAX-_Mo6f9PbViJT-qA,Tiempo Streaming,750,San Juan,,Digital,Entretenimiento,Revisado,2025-09-01,Produccion original 
UCQKvGyERWSJTUB9hysYW9iA,Quien TV Argentina,2.250,San Juan,,Nativo YouTube,Entretenimiento,Revisado,2025-08-06,Re transmiten de Tele Sol y programación propia
UC_SSyrcj4AuL792D4SjICqA,Wow Streaming,1.180,San Juan,,Nativo YouTube,Actualidad,Revisado,2025-06-29,HACE POCO NO TRANSMITE MAS
UCX5l1nMjgKOYv1ikzbUgBSw,Pelado Stream,793,San Juan,,Nativo YouTube,Noticias,Revisado,2025-08-05,todos los dias de 10 a 12
UCjdsjCBWBIDA-ah40YSRfQg,Palta,787,San Juan,,Nativo YouTube,Entretenimiento,Revisado,2025-08-09,estudio y programación
UCErk6Obi07HaFg1MbSwvk2g,Bajo La Suela,735,San Juan,,Nativo YouTube,Deportes,Revisado,2025-08-06,estudio y programación
UCfpWLXfGXnGSH6b3KMdnHSQ,Radio Santa Lucia 99.7 San Juan PREMIUM,10.300,San Juan,,Radio,Entretenimiento,Revisado,2025-08-06,Tienen programación tipo stream
UCnCeWT6xLI0wvtusgaO6-kA,LV1 Radio Colon,1.270,San Juan,,Radio,Entretenimiento,Revisado,2025-08-16,Transmiten estilo Stream
UCxzVNQpuuVnG5M5F9KFwWpg,CANAL 13 SAN JUAN TV,1.710.000,San Juan,,TV,Noticias,Revisado,2025-07-31,
UC4SpIjgaVszQ6WkR5S2Ev0w,107 Pop Life,1.360,San Juan,,TV,Entretenimiento,Revisado,2025-08-06,Re transmision de programas
UCr7TYJVXSe3_rVILo-F8Xhg,Aire de Santa Fe,128.000,Santa Fe,,Digital,Actualidad,Revisado,2025-07-04,Re transmiten
UCwKZnJ48oXRCCGCQbL1BPSA,Urgente Milei,678.000,Santa Fe,Rosario ,Nativo YouTube,Política,Revisado,2025-07-04,Ivan Dubois 
UCfFiNQ0xbcyTkAVQURznwEA,Motorsport Planet,108.000,Santa Fe,,Nativo YouTube,Deportes,Revisado,2025-07-04,una vez por semana
UCK0EGTOQzaA0psqf35_zXGQ,Brindis TV,35.000,Santa Fe,Rosario,Nativo YouTube,Entretenimiento,Revisado,2025-07-04,Programacion y estudio
UCfeAPS2T8y0C3NH3z72Il6Q,Redil TV,16.600,Santa Fe,Rosario,Nativo YouTube,Religión,Revisado,2025-09-14,3 veces por semana desde la Iglesia
UCZXeQpzbFoyyZgNrLfW1RNQ,Laura Sterren - TAROT,9.240,Santa Fe,Rafaela,Nativo YouTube,Charlas/Podcast,Revisado,2025-08-14,Semanal Tarot
UC7wIKBLvCwnqwXdgbM8smuA,SentiTenvivo,9.120,Santa Fe,,Nativo YouTube,Música,Revisado,2025-09-07,Estudio y programacion semanal
UC-SO9nJGrBH8Jnqdekd6_mw,Lat Stream,6.810,Santa Fe,Rosario,Nativo YouTube,Actualidad,Revisado,2025-08-30,Estudio y programación
UCXLeF3KDcvk5T4sIXX0PUDw,VEO NOTICIAS,6.060,Santa Fe,Por determinar,Nativo YouTube,Noticias,Revisado,2025-08-29,Transmision noticias
UC-pHPe42SNmhGWD1A3Isv6g,Blue RTV,2.910,Santa Fe,Rosario,Nativo YouTube,Charlas/Podcast,Revisado,2025-08-01,programacion y estudio
UC1XGF4vhAKosCWHR-74C-Ng,AFA SCL,2.810,Santa Fe,,Nativo YouTube,Economía,Revisado,2025-08-22,Transimsion en  vivo de remates ganaderos
UCe7Fv3lKxrylwXQOwLz4ogw,Arroyo Deportivo,2.480,Santa Fe,Arroyo Seco,Nativo YouTube,Deportes,Revisado,2025-08-08,Transmision futbol local
UCRc--JpvY9zvRz_Vm1eoHAA,Vorly Streaming,2.350,Santa Fe,Rosario,Nativo YouTube,Entretenimiento,Revisado,2025-08-15,Programacion diaria y estudios
UC7fuLRt7eWHKCJVu80AfAzw,DinastiaStreaming ,1.440,Santa Fe,Rosario,Nativo YouTube,Deportes,Revisado,2025-08-01,Transmision partidos de Rugby
UCEvKornGz3gjYLpPXyLHd4Q,Tomate Tu Tiempo | Streaming,1.070,Santa Fe,Rosario,Nativo YouTube,Entretenimiento,Revisado,2025-09-19,Estudio y programación
UCTnDlFgznmh556DKywP0HVQ,Enfermos de lepra streaming,875,Santa Fe,Rosario,Nativo YouTube,Deportes,Revisado,2025-08-01,Tramsmiten divisiones menores
UCTJ0n6Hal7PpHERq4To6iHg,RADIO2 - EN VIVO,14.600,Santa Fe,Rosario,Radio,Actualidad,Revisado,2025-07-04,Re transmisión
UCWV9sKG380WytFZy5_EsjgA,Rosario La Ciudad Media,9.130,Santa Fe,Rosario,Radio,Entretenimiento,Revisado,2025-08-01,Programación tipo Stream
UCqUEez84ZVZzB35Wr7e0Sbw,Sol Play 91.5,7.910,Santa Fe,,Radio,Entretenimiento,Revisado,2025-08-29,Re trasnmisión 
UCxShK6wCOKlxC8xw0kAzSRA,Radiofonica 100.7,6.380,Santa Fe,Rosario,Radio,Entretenimiento,Revisado,2025-08-05,Re transmision parcial
UCpTneAgknZVT4fI6s7eNWzg,Blas Streaming,1.810,Santiago del Estero,,Nativo YouTube,Entretenimiento,Revisado,2025-08-05,Programacion diaria y estudio
UCCIr6Ilt39hLsXgjmvPueaw,Radio Panorama 100.1,4.160,Santiago del Estero,,Radio,Actualidad,Revisado,2025-07-19,"Re  transmiten radio,pero con estudio tipico de streaming"
UCwDjEGEuoRlmgK6JqS4z1GA,MZL Deportes,3.140,Tierra del Fuego,Ushuaia ,Nativo YouTube,Deportes,Revisado,2025-06-28,"Transmision de partidos, deportes en general"
UCowbI8idnvQTl2sFxkOvnKw,La Gaceta,219.000,Tucumán,,Diario,Noticias,Revisado,2025-09-23,
UCuJ7-g9T1UH3l18dBOBz42g,DALE GAS!!!,10.000,Tucumán,,Nativo YouTube,Música,Revisado,2025-08-20,Estudio y programación (muchos auspiciadores)
UC-n4vaq7dxOQ9Q2Lweab-sw,LLAMA DE FUEGO Y PODER,4.180,Tucumán,,Nativo YouTube,Religión,Revisado,2025-08-20,"Misas y predicas, con estudio, semanal."
UCMfEEKQ--RHvi0WEC52vxlQ,Rugby Tucumano,4.110,Tucumán,,Nativo YouTube,Deportes,Revisado,2025-08-09,"Transmision de partidos y comenatarios, con estudio."
UCWjwYCM2m-lSVGyulCS2X5A,Asociación Tucumana de Hockey Oficial,3.030,Tucumán,Por determinar,Nativo YouTube,Charlas/Podcast,Revisado,2025-08-28,Transmisión de partidos de Hockey 
UClSXlqO2N4rnRPc6H01eRxw,Mía Tucumán HD,2.890,Tucumán,,Nativo YouTube,Charlas/Podcast,Revisado,2025-08-08,Programacion diaria con estudio
UCYiqtCQXf4d_OxETcSxGxhA,Enterate Play 90.5,4.230,Tucumán,,Radio,Actualidad,Revisado,2025-09-15,Re transmision de la radio con estudio tipo TV
UCw3MqIHyswCd0sCs4yhZ6Bw,LV12 TUCUMÁN,2.640,Tucumán,,Radio,Actualidad,Revisado,2025-08-06,Re transmision de radio
UCRlakPhec4-k3vkBeyWBojg,Canal 10 Tucumán,49.000,Tucumán,,TV,Actualidad,Revisado,2025-09-10,Re transmiten del canal
UCjCPoveH-aGZh42wq3OvVrA,ON-TV,42.900,Tucumán,,TV,Noticias,Revisado,2025-08-06,Re transmiten